{"stats":{"minecraft:killed":{"minecraft:cave_spider":1,"minecraft:spider":5,"minecraft:cod":2,"minecraft:skeleton":13,"minecraft:chicken":10,"minecraft:pig":12,"minecraft:zombie_villager":2,"minecraft:salmon":6,"minecraft:creeper":2,"minecraft:sheep":9,"minecraft:pillager":3,"minecraft:zombie":28,"minecraft:cow":4,"minecraft:squid":1},"minecraft:picked_up":{"minecraft:smithing_table":1,"minecraft:lead":1,"minecraft:brewing_stand":1,"minecraft:amethyst_block":4,"minecraft:string":8,"minecraft:raw_copper":154,"minecraft:pufferfish":2,"minecraft:zombie_head":2,"minecraft:gold_nugget":45,"minecraft:cobbled_deepslate":41,"minecraft:spruce_planks":50,"minecraft:calcite":4,"minecraft:melon_slice":11,"minecraft:mangrove_log":387,"minecraft:furnace":6,"minecraft:stick":156,"minecraft:oak_fence":7,"minecraft:torch":39,"minecraft:acacia_log":17,"minecraft:spruce_stairs":2,"minecraft:porkchop":22,"minecraft:diorite":12,"minecraft:rabbit_foot":1,"minecraft:rotten_flesh":25,"minecraft:mangrove_stairs":13,"farmersdelight:onion":14,"minecraft:mangrove_roots":219,"supplementaries:ash":53,"minecraft:cod":10,"minecraft:snowball":16,"minecraft:cobblestone":184,"minecraft:birch_log":89,"minecraft:feather":9,"farmersdelight:rice":2,"minecraft:jungle_log":19,"minecraft:andesite":4,"minecraft:copper_block":1,"minecraft:smoker":2,"minecraft:potato":1,"minecraft:flint":3,"minecraft:tuff":4,"supplementaries:flax_seeds":20,"farmersdelight:tomato":3,"minecraft:dirt":1274,"minecraft:bone":56,"minecraft:stonecutter":1,"minecraft:wheat_seeds":40,"minecraft:raw_gold":31,"minecraft:bamboo":10,"minecraft:oak_planks":1,"minecraft:sand":87,"minecraft:ink_sac":2,"minecraft:lily_of_the_valley":1,"minecraft:diamond":8,"minecraft:granite":30,"minecraft:emerald":13,"minecraft:oak_sapling":107,"minecraft:spruce_leaves":6,"minecraft:cocoa_beans":12,"minecraft:crafting_table":9,"minecraft:allium":20,"minecraft:chicken":20,"minecraft:clay_ball":132,"minecraft:stripped_mangrove_log":69,"minecraft:iron_axe":1,"minecraft:moss_carpet":36,"minecraft:item_frame":1,"minecraft:beef":8,"farmersdelight:straw":14,"minecraft:jungle_sapling":4,"minecraft:iron_nugget":21,"minecraft:chest":1,"minecraft:light_gray_wool":1,"minecraft:spruce_slab":7,"minecraft:sugar_cane":18,"minecraft:birch_sapling":12,"minecraft:egg":11,"minecraft:raw_iron":161,"minecraft:copper_ingot":2,"farmersdelight:tomato_seeds":14,"minecraft:carrot":10,"minecraft:arrow":9,"minecraft:beetroot_seeds":12,"supplementaries:sconce":4,"minecraft:mutton":19,"minecraft:white_wool":4,"minecraft:tripwire_hook":1,"minecraft:salmon":6,"minecraft:leather":8,"minecraft:oak_log":263,"minecraft:gunpowder":4,"minecraft:white_banner":1,"minecraft:orange_terracotta":1,"minecraft:apple":8,"minecraft:rabbit_hide":1,"minecraft:mangrove_planks":9,"minecraft:acacia_sapling":1,"minecraft:smooth_basalt":4,"minecraft:pumpkin":2,"minecraft:sweet_berries":29,"minecraft:gravel":15,"minecraft:amethyst_shard":24,"minecraft:blast_furnace":1,"minecraft:spruce_sapling":17,"minecraft:white_bed":8,"minecraft:spruce_log":326,"minecraft:slime_ball":4,"minecraft:baked_potato":1,"minecraft:coal":135,"minecraft:mangrove_propagule":52},"minecraft:crafted":{"minecraft:brick":132,"minecraft:oak_planks":180,"minecraft:cooked_chicken":7,"minecraft:stone":9,"minecraft:cooked_mutton":7,"minecraft:glass":64,"minecraft:raw_copper":126,"minecraft:mangrove_stairs":12,"minecraft:chest":23,"minecraft:copper_block":14,"minecraft:bricks":4,"minecraft:stone_hoe":1,"minecraft:magenta_dye":2,"minecraft:oak_fence":21,"minecraft:raw_iron_block":10,"minecraft:smoker":2,"farmersdelight:stove":1,"minecraft:item_frame":6,"minecraft:wooden_shovel":1,"minecraft:cooked_porkchop":22,"minecraft:crafting_table":8,"minecraft:spruce_planks":632,"farmersdelight:iron_knife":1,"minecraft:wooden_pickaxe":1,"minecraft:copper_ingot":128,"minecraft:birch_planks":76,"minecraft:campfire":1,"minecraft:iron_chestplate":1,"minecraft:shield":1,"minecraft:stick":32,"minecraft:iron_ingot":196,"minecraft:iron_pickaxe":3,"minecraft:iron_block":14,"minecraft:gold_ingot":36,"minecraft:shears":1,"minecraft:raw_iron":90,"minecraft:fishing_rod":1,"minecraft:iron_nugget":9,"minecraft:furnace":11,"minecraft:bone_meal":12,"minecraft:spruce_fence":6,"minecraft:raw_copper_block":14,"minecraft:glass_pane":48,"minecraft:spruce_stairs":12,"supplementaries:sconce":3,"minecraft:iron_axe":9,"minecraft:spruce_slab":6,"minecraft:stone_pickaxe":2,"minecraft:lead":1,"minecraft:cooked_beef":8,"minecraft:mangrove_door":3,"farmersdelight:cooking_pot":1,"minecraft:mangrove_planks":24,"minecraft:bucket":1,"minecraft:stone_axe":2,"supplementaries:timber_frame":1,"minecraft:air":0,"minecraft:jungle_planks":20,"minecraft:acacia_sign":3,"minecraft:iron_shovel":8,"minecraft:stonecutter":1,"minecraft:white_bed":1,"minecraft:acacia_planks":40,"minecraft:torch":64},"minecraft:dropped":{"minecraft:crafting_table":1,"minecraft:leather":2,"minecraft:emerald":6,"minecraft:dirt":221,"minecraft:mutton":12,"minecraft:sand":1,"minecraft:birch_log":6,"minecraft:white_wool":1,"minecraft:gravel":15,"minecraft:birch_sapling":5,"minecraft:rotten_flesh":23,"supplementaries:flax_seeds":4,"supplementaries:ash":7,"minecraft:arrow":9,"minecraft:wheat_seeds":18,"minecraft:oak_fence":2,"minecraft:feather":5,"minecraft:apple":1,"minecraft:acacia_log":4,"minecraft:iron_axe":1,"minecraft:acacia_planks":2,"minecraft:moss_carpet":36,"minecraft:raw_iron":3,"minecraft:chicken":9,"minecraft:light_gray_wool":1,"farmersdelight:straw":2,"minecraft:orange_terracotta":1,"minecraft:andesite":4,"minecraft:oak_sapling":6,"minecraft:bamboo":2,"farmersdelight:tomato":3},"minecraft:broken":{"minecraft:iron_shovel":5,"minecraft:stone_pickaxe":1,"minecraft:stone_axe":1,"minecraft:stone_hoe":1,"minecraft:iron_axe":8,"minecraft:iron_pickaxe":2},"minecraft:mined":{"minecraft:spruce_planks":51,"minecraft:white_bed":8,"minecraft:jungle_leaves":4,"minecraft:brewing_stand":1,"minecraft:granite":30,"minecraft:budding_amethyst":1,"minecraft:acacia_log":20,"minecraft:grass_block":1067,"minecraft:jungle_log":19,"minecraft:tall_seagrass":1,"farmersdelight:wild_rice":2,"minecraft:iron_ore":112,"minecraft:cobbled_deepslate":2,"minecraft:pumpkin":2,"minecraft:moss_carpet":9,"minecraft:dirt_path":18,"minecraft:spruce_slab":5,"minecraft:red_bed":1,"minecraft:smoker":2,"minecraft:amethyst_cluster":6,"minecraft:orange_terracotta":1,"minecraft:clay":33,"minecraft:torch":4,"minecraft:blast_furnace":1,"minecraft:calcite":4,"minecraft:melon":3,"minecraft:chest":1,"minecraft:dead_bush":1,"supplementaries:wild_flax":15,"minecraft:glass":4,"minecraft:cobblestone":5,"minecraft:sugar_cane":8,"minecraft:oak_planks":1,"minecraft:wall_torch":5,"minecraft:amethyst_block":4,"minecraft:seagrass":1,"farmersdelight:sandy_shrub":4,"minecraft:birch_log":90,"minecraft:copper_block":1,"minecraft:grass":168,"minecraft:oak_log":264,"minecraft:sand":90,"minecraft:dirt":198,"minecraft:mangrove_log":395,"minecraft:smooth_basalt":4,"minecraft:stonecutter":1,"minecraft:oak_leaves":204,"minecraft:deepslate":38,"minecraft:tuff":1,"minecraft:deepslate_diamond_ore":3,"minecraft:stripped_mangrove_log":69,"farmersdelight:wild_carrots":11,"minecraft:mangrove_roots":200,"minecraft:allium":5,"minecraft:spruce_leaves":25,"minecraft:mangrove_propagule":42,"farmersdelight:wild_onions":15,"minecraft:furnace":6,"minecraft:andesite":8,"minecraft:deepslate_iron_ore":48,"minecraft:vine":47,"minecraft:bamboo":1,"minecraft:stone":195,"minecraft:smithing_table":1,"minecraft:acacia_leaves":1,"minecraft:mangrove_stairs":13,"minecraft:oak_fence":7,"minecraft:crafting_table":9,"minecraft:tall_grass":6,"minecraft:copper_ore":43,"minecraft:deepslate_gold_ore":23,"farmersdelight:wild_tomatoes":14,"supplementaries:sconce":4,"minecraft:diorite":16,"supplementaries:urn":32,"minecraft:spruce_stairs":2,"farmersdelight:wild_beetroots":13,"minecraft:sweet_berry_bush":2,"minecraft:spruce_log":326,"minecraft:birch_leaves":10,"minecraft:mangrove_planks":9,"minecraft:mangrove_leaves":1479,"minecraft:coal_ore":136,"minecraft:cocoa":5,"minecraft:gravel":21,"minecraft:gold_ore":8,"minecraft:fern":21},"minecraft:used":{"minecraft:iron_shovel":1546,"minecraft:spruce_slab":13,"farmersdelight:stove":1,"minecraft:chest":24,"minecraft:shield":58,"minecraft:iron_chestplate":1,"minecraft:spruce_leaves":6,"minecraft:tuff":4,"minecraft:glass":4,"minecraft:mangrove_log":379,"minecraft:mangrove_stairs":24,"minecraft:item_frame":7,"minecraft:stripped_mangrove_log":69,"minecraft:sweet_berries":20,"minecraft:mangrove_roots":2,"minecraft:furnace":15,"minecraft:egg":9,"minecraft:diorite":12,"minecraft:stone_pickaxe":208,"minecraft:mangrove_planks":9,"minecraft:oak_planks":1,"minecraft:wooden_pickaxe":17,"minecraft:shears":11,"minecraft:mangrove_door":3,"minecraft:bone_meal":12,"minecraft:oak_fence":24,"minecraft:acacia_log":3,"minecraft:spruce_planks":648,"minecraft:stone_hoe":131,"minecraft:cooked_chicken":5,"supplementaries:sconce":7,"minecraft:cut_copper_stairs":56,"minecraft:torch":100,"minecraft:dirt":158,"minecraft:spruce_stairs":8,"minecraft:granite":29,"minecraft:spruce_fence":4,"minecraft:iron_axe":2127,"minecraft:smooth_basalt":4,"minecraft:bamboo":7,"farmersdelight:cooking_pot":1,"minecraft:cooked_beef":8,"minecraft:acacia_planks":1,"minecraft:cobbled_deepslate":41,"minecraft:calcite":4,"minecraft:cooked_mutton":7,"farmersdelight:iron_knife":88,"minecraft:water_bucket":69,"minecraft:birch_planks":12,"minecraft:baked_potato":1,"minecraft:copper_block":1,"minecraft:stonecutter":1,"minecraft:crafting_table":15,"minecraft:white_bed":9,"minecraft:smoker":3,"minecraft:spruce_log":129,"minecraft:oak_log":22,"minecraft:acacia_sign":1,"minecraft:mangrove_propagule":25,"minecraft:iron_pickaxe":507,"minecraft:spruce_sapling":16,"minecraft:stone_axe":216,"minecraft:fishing_rod":23,"minecraft:cobblestone":53,"minecraft:cooked_porkchop":20,"minecraft:bucket":70,"minecraft:glass_pane":44},"minecraft:custom":{"minecraft:animals_bred":1,"minecraft:interact_with_crafting_table":88,"minecraft:leave_game":4,"minecraft:time_since_death":663708,"minecraft:sprint_one_cm":716172,"minecraft:damage_blocked_by_shield":2120,"minecraft:drop":52,"minecraft:talked_to_villager":2,"minecraft:play_time":663708,"minecraft:jump":4019,"minecraft:walk_on_water_one_cm":164345,"minecraft:interact_with_furnace":88,"minecraft:sleep_in_bed":37,"minecraft:damage_dealt":14358,"minecraft:crouch_one_cm":46434,"minecraft:horse_one_cm":30678,"minecraft:mob_kills":98,"minecraft:climb_one_cm":36009,"minecraft:walk_one_cm":2321847,"minecraft:sneak_time":21511,"minecraft:walk_under_water_one_cm":139154,"minecraft:total_world_time":718506,"minecraft:interact_with_stonecutter":3,"minecraft:time_since_rest":151,"minecraft:damage_taken":2237,"minecraft:swim_one_cm":207240,"minecraft:fly_one_cm":243720,"minecraft:open_chest":186,"minecraft:fish_caught":11,"minecraft:fall_one_cm":49042}},"DataVersion":3465}