{"stats":{"minecraft:killed":{"minecraft:cave_spider":1,"minecraft:spider":5,"minecraft:cod":2,"minecraft:skeleton":13,"minecraft:chicken":10,"minecraft:pig":12,"minecraft:zombie_villager":2,"minecraft:salmon":6,"minecraft:creeper":2,"minecraft:sheep":9,"minecraft:pillager":3,"minecraft:zombie":28,"minecraft:cow":4,"minecraft:squid":2},"minecraft:picked_up":{"minecraft:wheat":8,"minecraft:smithing_table":1,"minecraft:lead":1,"farmersdelight:rice_panicle":2,"minecraft:brewing_stand":1,"minecraft:amethyst_block":4,"minecraft:string":8,"minecraft:raw_copper":154,"minecraft:pufferfish":2,"minecraft:zombie_head":2,"minecraft:beetroot":36,"minecraft:gold_nugget":45,"minecraft:cobbled_deepslate":41,"farmersdelight:cabbage":25,"cfm:spruce_upgraded_gate":2,"minecraft:spruce_planks":61,"minecraft:calcite":4,"minecraft:melon_slice":11,"farmersdelight:cabbage_seeds":67,"minecraft:mangrove_log":440,"minecraft:furnace":6,"minecraft:stick":189,"minecraft:oak_fence":7,"minecraft:torch":43,"minecraft:acacia_log":17,"minecraft:spruce_stairs":11,"minecraft:porkchop":22,"minecraft:cut_copper_stairs":56,"minecraft:diorite":12,"minecraft:rabbit_foot":3,"minecraft:rotten_flesh":26,"minecraft:mangrove_stairs":13,"farmersdelight:onion":109,"minecraft:mangrove_roots":342,"supplementaries:ash":53,"minecraft:cod":10,"minecraft:snowball":16,"minecraft:cobblestone":184,"minecraft:birch_log":94,"minecraft:feather":13,"farmersdelight:rice":2,"minecraft:jungle_log":140,"minecraft:andesite":4,"minecraft:copper_block":1,"minecraft:smoker":3,"minecraft:potato":5,"minecraft:flint":4,"minecraft:tuff":4,"supplementaries:flute":1,"supplementaries:flax_seeds":22,"minecraft:gray_concrete":8,"farmersdelight:tomato":3,"minecraft:dirt":1580,"minecraft:bone":56,"minecraft:stonecutter":1,"minecraft:wheat_seeds":63,"minecraft:raw_gold":31,"minecraft:bamboo":21,"minecraft:oak_planks":1,"minecraft:sand":96,"minecraft:ink_sac":4,"minecraft:lily_of_the_valley":1,"minecraft:diamond":8,"minecraft:granite":30,"minecraft:emerald":13,"minecraft:oak_sapling":107,"minecraft:spruce_leaves":54,"minecraft:cocoa_beans":18,"minecraft:crafting_table":10,"minecraft:allium":20,"minecraft:chicken":22,"minecraft:clay_ball":132,"cfm:spruce_kitchen_sink_dark":1,"minecraft:stripped_mangrove_log":73,"minecraft:iron_axe":1,"minecraft:moss_carpet":63,"minecraft:item_frame":1,"cfm:mangrove_kitchen_counter":1,"minecraft:beef":8,"farmersdelight:straw":14,"minecraft:jungle_sapling":8,"minecraft:iron_nugget":21,"minecraft:chest":3,"minecraft:light_gray_wool":1,"minecraft:spruce_slab":8,"minecraft:sugar_cane":18,"minecraft:birch_sapling":12,"minecraft:egg":21,"minecraft:raw_iron":161,"minecraft:copper_ingot":2,"cfm:mangrove_kitchen_drawer":2,"farmersdelight:tomato_seeds":18,"minecraft:carrot":95,"minecraft:arrow":9,"minecraft:beetroot_seeds":133,"supplementaries:sconce":4,"minecraft:mutton":19,"minecraft:white_wool":4,"minecraft:tripwire_hook":1,"minecraft:salmon":6,"minecraft:leather":8,"minecraft:oak_log":263,"minecraft:gunpowder":4,"minecraft:white_banner":1,"minecraft:orange_terracotta":1,"minecraft:apple":8,"minecraft:rabbit_hide":1,"minecraft:mangrove_planks":9,"minecraft:acacia_sapling":1,"minecraft:scaffolding":12,"minecraft:smooth_basalt":4,"minecraft:pumpkin":2,"minecraft:sweet_berries":37,"minecraft:gravel":19,"minecraft:amethyst_shard":24,"minecraft:blast_furnace":1,"minecraft:spruce_sapling":26,"minecraft:white_bed":8,"minecraft:spruce_log":391,"farmersdelight:cabbage_leaf":6,"minecraft:mangrove_leaves":59,"minecraft:pumpkin_seeds":1,"minecraft:slime_ball":4,"minecraft:baked_potato":1,"cfm:spruce_hedge":16,"minecraft:coal":135,"minecraft:mangrove_propagule":67},"minecraft:crafted":{"minecraft:brick":132,"minecraft:black_dye":1,"minecraft:oak_planks":180,"minecraft:cooked_chicken":7,"minecraft:stone":9,"minecraft:cooked_mutton":7,"minecraft:glass":64,"minecraft:raw_copper":126,"minecraft:melon_seeds":8,"minecraft:mangrove_stairs":12,"minecraft:chest":23,"cfm:stripped_mangrove_chair":4,"minecraft:copper_block":14,"cfm:spruce_hedge":96,"minecraft:bricks":4,"minecraft:stone_hoe":1,"supplementaries:flute":1,"minecraft:magenta_dye":2,"minecraft:oak_fence":21,"minecraft:raw_iron_block":10,"minecraft:smoker":2,"farmersdelight:stove":1,"minecraft:item_frame":6,"minecraft:wooden_shovel":1,"minecraft:cooked_porkchop":22,"minecraft:crafting_table":8,"minecraft:spruce_planks":688,"farmersdelight:iron_knife":1,"minecraft:wooden_pickaxe":1,"cfm:mangrove_kitchen_counter":8,"minecraft:copper_ingot":128,"minecraft:birch_planks":76,"minecraft:pumpkin_seeds":8,"minecraft:campfire":1,"farmersdelight:cutting_board":1,"minecraft:spruce_trapdoor":8,"minecraft:iron_chestplate":1,"minecraft:shield":1,"minecraft:stick":36,"minecraft:iron_ingot":286,"minecraft:iron_pickaxe":3,"minecraft:iron_block":14,"minecraft:gold_ingot":36,"minecraft:spruce_fence_gate":2,"minecraft:shears":1,"minecraft:raw_iron":90,"minecraft:fishing_rod":1,"minecraft:iron_nugget":9,"minecraft:furnace":11,"minecraft:gray_dye":2,"cfm:fridge_dark":1,"minecraft:bone_meal":39,"minecraft:spruce_fence":6,"minecraft:raw_copper_block":14,"minecraft:glass_pane":48,"minecraft:scaffolding":6,"cfm:spruce_upgraded_gate":4,"minecraft:spruce_stairs":16,"supplementaries:sconce":3,"minecraft:iron_axe":11,"farmersdelight:cabbage_rolls":3,"minecraft:iron_hoe":1,"minecraft:spruce_slab":36,"minecraft:stone_pickaxe":2,"farmersdelight:rice":2,"minecraft:lead":1,"minecraft:cooked_beef":8,"cfm:mangrove_kitchen_drawer":4,"minecraft:mangrove_door":3,"minecraft:bowl":8,"minecraft:gray_concrete_powder":8,"farmersdelight:cooking_pot":1,"minecraft:mangrove_planks":36,"minecraft:bucket":2,"farmersdelight:spruce_cabinet":4,"minecraft:stone_axe":2,"supplementaries:timber_frame":1,"minecraft:air":0,"minecraft:jungle_planks":20,"minecraft:acacia_sign":3,"minecraft:white_dye":1,"cfm:spruce_kitchen_sink_dark":2,"minecraft:iron_shovel":9,"minecraft:stonecutter":1,"minecraft:white_bed":1,"minecraft:acacia_planks":40,"minecraft:torch":100},"minecraft:dropped":{"minecraft:crafting_table":1,"minecraft:leather":2,"minecraft:emerald":6,"minecraft:dirt":370,"minecraft:mutton":12,"minecraft:sand":1,"minecraft:birch_log":6,"minecraft:white_wool":1,"minecraft:gravel":15,"minecraft:birch_sapling":5,"minecraft:rotten_flesh":23,"minecraft:rabbit_hide":1,"supplementaries:flax_seeds":8,"supplementaries:ash":7,"minecraft:arrow":9,"minecraft:wheat_seeds":18,"minecraft:oak_fence":2,"minecraft:feather":7,"minecraft:apple":1,"minecraft:acacia_log":4,"minecraft:iron_axe":1,"minecraft:acacia_planks":2,"minecraft:moss_carpet":37,"minecraft:raw_iron":3,"minecraft:chicken":9,"minecraft:light_gray_wool":1,"farmersdelight:straw":2,"minecraft:orange_terracotta":1,"minecraft:andesite":4,"minecraft:oak_sapling":6,"minecraft:bamboo":2,"farmersdelight:tomato":3,"supplementaries:flute":1},"minecraft:broken":{"minecraft:iron_shovel":6,"minecraft:stone_pickaxe":1,"minecraft:stone_axe":1,"minecraft:stone_hoe":1,"minecraft:iron_axe":10,"minecraft:iron_pickaxe":2},"minecraft:mined":{"minecraft:spruce_planks":62,"minecraft:white_bed":8,"minecraft:farmland":26,"minecraft:jungle_leaves":8,"minecraft:brewing_stand":1,"minecraft:granite":30,"minecraft:budding_amethyst":1,"minecraft:acacia_log":20,"minecraft:grass_block":1153,"minecraft:jungle_log":140,"farmersdelight:budding_tomatoes":4,"minecraft:tall_seagrass":6,"farmersdelight:wild_rice":2,"minecraft:iron_ore":112,"minecraft:cobbled_deepslate":2,"minecraft:pumpkin":2,"minecraft:moss_carpet":13,"supplementaries:stick":3,"minecraft:dirt_path":46,"farmersdelight:rice_panicles":2,"minecraft:spruce_slab":6,"minecraft:red_bed":1,"minecraft:melon_stem":3,"minecraft:smoker":3,"minecraft:amethyst_cluster":6,"minecraft:orange_terracotta":1,"minecraft:clay":33,"minecraft:torch":7,"minecraft:blast_furnace":1,"minecraft:calcite":4,"minecraft:melon":3,"minecraft:chest":3,"minecraft:dead_bush":1,"supplementaries:wild_flax":15,"farmersdelight:cabbages":29,"minecraft:glass":4,"minecraft:cobblestone":5,"minecraft:sugar_cane":8,"minecraft:oak_planks":1,"minecraft:wall_torch":6,"minecraft:amethyst_block":4,"minecraft:seagrass":1,"farmersdelight:sandy_shrub":4,"minecraft:birch_log":95,"minecraft:wheat":11,"minecraft:pumpkin_stem":3,"minecraft:copper_block":1,"minecraft:grass":169,"minecraft:oak_log":264,"minecraft:beetroots":63,"minecraft:sand":99,"minecraft:dirt":304,"minecraft:mangrove_log":448,"minecraft:smooth_basalt":4,"cfm:mangrove_kitchen_counter":1,"minecraft:stonecutter":1,"minecraft:oak_leaves":217,"minecraft:deepslate":38,"minecraft:tuff":1,"farmersdelight:onions":37,"minecraft:deepslate_diamond_ore":3,"minecraft:stripped_mangrove_log":73,"farmersdelight:wild_carrots":11,"minecraft:mangrove_roots":342,"minecraft:allium":5,"minecraft:spruce_leaves":91,"minecraft:mangrove_propagule":45,"farmersdelight:wild_onions":15,"minecraft:furnace":6,"minecraft:carrots":25,"minecraft:andesite":8,"cfm:mangrove_kitchen_drawer":2,"minecraft:potatoes":1,"minecraft:deepslate_iron_ore":48,"minecraft:vine":60,"cfm:spruce_upgraded_gate":2,"minecraft:bamboo":2,"minecraft:stone":195,"minecraft:smithing_table":1,"minecraft:acacia_leaves":1,"minecraft:scaffolding":7,"minecraft:mangrove_stairs":13,"minecraft:gray_concrete":8,"minecraft:cut_copper_stairs":56,"minecraft:oak_fence":7,"minecraft:crafting_table":10,"cfm:spruce_kitchen_sink_dark":1,"minecraft:tall_grass":6,"minecraft:copper_ore":43,"minecraft:deepslate_gold_ore":23,"farmersdelight:wild_tomatoes":14,"supplementaries:sconce":4,"minecraft:diorite":16,"cfm:spruce_hedge":16,"supplementaries:urn":32,"minecraft:spruce_stairs":11,"farmersdelight:wild_beetroots":13,"minecraft:sweet_berry_bush":12,"minecraft:spruce_log":391,"minecraft:birch_leaves":10,"minecraft:mangrove_planks":9,"minecraft:mangrove_leaves":1676,"minecraft:coal_ore":136,"minecraft:cocoa":11,"minecraft:gravel":26,"minecraft:gold_ore":8,"minecraft:fern":21},"minecraft:used":{"minecraft:moss_carpet":3,"minecraft:iron_shovel":1812,"farmersdelight:cabbage_rolls":5,"minecraft:spruce_slab":18,"farmersdelight:cabbage_seeds":46,"farmersdelight:stove":1,"minecraft:chest":24,"minecraft:shield":58,"minecraft:iron_chestplate":1,"minecraft:spruce_leaves":6,"minecraft:cocoa_beans":18,"minecraft:carrot":50,"minecraft:tuff":4,"minecraft:jungle_sapling":5,"minecraft:glass":4,"minecraft:mangrove_log":389,"minecraft:mangrove_stairs":24,"minecraft:gray_concrete_powder":8,"minecraft:item_frame":7,"minecraft:stripped_mangrove_log":69,"farmersdelight:cutting_board":1,"minecraft:scaffolding":12,"minecraft:sweet_berries":37,"minecraft:mangrove_roots":4,"minecraft:furnace":15,"minecraft:beetroot_seeds":76,"minecraft:egg":19,"minecraft:potato":5,"cfm:stripped_mangrove_chair":2,"minecraft:diorite":12,"cfm:spruce_hedge":83,"minecraft:stone_pickaxe":208,"minecraft:mangrove_planks":9,"minecraft:oak_planks":2,"minecraft:wooden_pickaxe":17,"minecraft:sugar_cane":6,"minecraft:sand":7,"farmersdelight:rice":4,"minecraft:shears":126,"minecraft:pumpkin_seeds":8,"minecraft:mangrove_door":3,"supplementaries:flax_seeds":14,"farmersdelight:spruce_cabinet":4,"minecraft:bone_meal":38,"minecraft:oak_fence":24,"cfm:spruce_kitchen_sink_dark":2,"minecraft:acacia_log":3,"minecraft:spruce_planks":654,"cfm:mangrove_kitchen_counter":9,"minecraft:stone_hoe":131,"minecraft:cooked_chicken":5,"supplementaries:sconce":7,"minecraft:cut_copper_stairs":56,"minecraft:stick":3,"minecraft:torch":126,"minecraft:dirt":242,"minecraft:spruce_stairs":25,"minecraft:granite":29,"minecraft:spruce_fence":6,"minecraft:iron_hoe":178,"minecraft:iron_axe":2547,"minecraft:jungle_log":1,"minecraft:melon_seeds":8,"minecraft:smooth_basalt":4,"minecraft:bamboo":7,"farmersdelight:cooking_pot":1,"farmersdelight:tomato_seeds":8,"cfm:mangrove_kitchen_drawer":4,"minecraft:cooked_beef":8,"minecraft:acacia_planks":1,"minecraft:cobbled_deepslate":41,"minecraft:calcite":4,"minecraft:wheat_seeds":28,"minecraft:cooked_mutton":7,"farmersdelight:iron_knife":88,"minecraft:water_bucket":98,"minecraft:birch_planks":12,"minecraft:baked_potato":1,"minecraft:copper_block":1,"minecraft:stonecutter":2,"farmersdelight:onion":63,"minecraft:crafting_table":16,"minecraft:white_bed":9,"minecraft:smoker":3,"minecraft:spruce_log":133,"cfm:spruce_upgraded_gate":6,"minecraft:oak_log":22,"minecraft:acacia_sign":1,"minecraft:mangrove_propagule":33,"minecraft:iron_pickaxe":575,"cfm:fridge_dark":1,"minecraft:spruce_sapling":24,"minecraft:stone_axe":216,"minecraft:fishing_rod":23,"minecraft:cobblestone":53,"minecraft:cooked_porkchop":22,"minecraft:bucket":107,"minecraft:glass_pane":44},"minecraft:custom":{"minecraft:animals_bred":1,"minecraft:interact_with_crafting_table":119,"minecraft:leave_game":4,"minecraft:time_since_death":807708,"minecraft:sprint_one_cm":877334,"minecraft:damage_blocked_by_shield":2120,"minecraft:drop":64,"minecraft:talked_to_villager":3,"minecraft:play_time":807708,"minecraft:jump":4640,"minecraft:walk_on_water_one_cm":184487,"minecraft:interact_with_furnace":100,"minecraft:sleep_in_bed":50,"minecraft:damage_dealt":14458,"minecraft:crouch_one_cm":47343,"minecraft:horse_one_cm":30678,"minecraft:mob_kills":99,"minecraft:climb_one_cm":45120,"minecraft:walk_one_cm":3093082,"minecraft:sneak_time":22299,"minecraft:walk_under_water_one_cm":145688,"minecraft:total_world_time":862506,"minecraft:interact_with_stonecutter":3,"minecraft:time_since_rest":901,"minecraft:damage_taken":2421,"minecraft:swim_one_cm":215118,"minecraft:fly_one_cm":375044,"minecraft:open_chest":249,"minecraft:fish_caught":11,"minecraft:fall_one_cm":51561}},"DataVersion":3465}