{"stats":{"minecraft:killed":{"minecraft:cave_spider":1,"minecraft:spider":5,"minecraft:cod":2,"minecraft:skeleton":13,"minecraft:chicken":17,"minecraft:pig":24,"minecraft:zombie_villager":2,"minecraft:salmon":9,"minecraft:creeper":2,"minecraft:sheep":13,"minecraft:pillager":5,"minecraft:zombie":30,"minecraft:cow":4,"minecraft:phantom":3,"minecraft:squid":3},"minecraft:picked_up":{"minecraft:wheat":47,"minecraft:smithing_table":1,"minecraft:lead":6,"farmersdelight:rice_panicle":20,"minecraft:brewing_stand":1,"minecraft:amethyst_block":4,"minecraft:string":8,"minecraft:raw_copper":184,"minecraft:pufferfish":2,"minecraft:zombie_head":2,"minecraft:beetroot":36,"minecraft:gold_nugget":45,"minecraft:cobbled_deepslate":41,"farmersdelight:cabbage":42,"cfm:spruce_upgraded_gate":2,"minecraft:spruce_planks":63,"minecraft:calcite":4,"minecraft:melon_slice":11,"farmersdelight:cabbage_seeds":108,"minecraft:mangrove_log":523,"minecraft:furnace":6,"minecraft:stick":250,"minecraft:oak_fence":57,"minecraft:torch":49,"minecraft:acacia_log":17,"minecraft:spruce_stairs":16,"minecraft:porkchop":62,"minecraft:cut_copper_stairs":56,"minecraft:diorite":12,"farmersdelight:chicken_cuts":8,"supplementaries:flax":8,"minecraft:rabbit_foot":4,"farmersdelight:fried_egg":11,"minecraft:rotten_flesh":28,"minecraft:mangrove_stairs":13,"farmersdelight:onion":133,"minecraft:mangrove_roots":464,"supplementaries:ash":53,"minecraft:cod":10,"minecraft:snowball":16,"minecraft:cobblestone":222,"minecraft:birch_log":94,"minecraft:feather":30,"minecraft:lilac":10,"farmersdelight:rice":2,"minecraft:andesite":4,"minecraft:jungle_log":140,"minecraft:copper_block":1,"minecraft:smoker":3,"minecraft:potato":22,"farmersdelight:bacon":6,"minecraft:flint":4,"minecraft:tuff":4,"supplementaries:flute":2,"supplementaries:flax_seeds":40,"farmersdelight:cooked_bacon":6,"minecraft:gray_concrete":8,"farmersdelight:tomato":9,"minecraft:dirt":1594,"minecraft:bone":56,"minecraft:stonecutter":1,"minecraft:wheat_seeds":178,"minecraft:raw_gold":31,"minecraft:bamboo":35,"minecraft:oak_planks":2,"minecraft:honeycomb":3,"minecraft:sand":96,"minecraft:ink_sac":8,"minecraft:lily_of_the_valley":1,"farmersdelight:ham":7,"minecraft:diamond":8,"minecraft:granite":30,"minecraft:bone_meal":4,"minecraft:emerald":13,"minecraft:oak_sapling":112,"minecraft:oak_leaves":1,"minecraft:spruce_leaves":54,"minecraft:cocoa_beans":24,"minecraft:crafting_table":13,"minecraft:allium":20,"minecraft:chicken":31,"minecraft:clay_ball":132,"minecraft:gold_block":2,"cfm:spruce_kitchen_sink_dark":1,"minecraft:stripped_mangrove_log":73,"minecraft:moss_carpet":90,"minecraft:iron_axe":2,"minecraft:item_frame":1,"cfm:mangrove_kitchen_counter":2,"minecraft:beef":8,"farmersdelight:straw":21,"minecraft:jungle_sapling":8,"minecraft:iron_nugget":21,"minecraft:poppy":5,"minecraft:light_gray_wool":1,"minecraft:spruce_slab":8,"minecraft:chest":3,"minecraft:sugar_cane":18,"minecraft:birch_sapling":12,"minecraft:egg":99,"minecraft:raw_iron":161,"minecraft:copper_ingot":2,"cfm:mangrove_kitchen_drawer":2,"farmersdelight:tomato_seeds":18,"minecraft:carrot":99,"minecraft:arrow":9,"minecraft:beetroot_seeds":133,"supplementaries:sconce":5,"minecraft:mutton":25,"minecraft:white_wool":4,"minecraft:oxeye_daisy":3,"minecraft:tripwire_hook":1,"minecraft:salmon":9,"minecraft:leather":8,"minecraft:birch_planks":8,"minecraft:oak_log":269,"minecraft:gunpowder":4,"farmersdelight:skillet":1,"minecraft:white_banner":1,"minecraft:orange_terracotta":1,"minecraft:apple":8,"minecraft:kelp":8,"minecraft:rabbit_hide":3,"minecraft:oak_fence_gate":2,"minecraft:cooked_chicken":8,"minecraft:mangrove_planks":9,"minecraft:acacia_sapling":1,"minecraft:scaffolding":15,"minecraft:smooth_basalt":4,"minecraft:birch_boat":2,"minecraft:pumpkin":2,"minecraft:sweet_berries":51,"minecraft:dandelion":4,"minecraft:gravel":19,"minecraft:amethyst_shard":24,"minecraft:spruce_sapling":26,"minecraft:blast_furnace":1,"minecraft:white_bed":8,"minecraft:spruce_log":392,"farmersdelight:cabbage_leaf":16,"minecraft:mangrove_leaves":59,"minecraft:pumpkin_seeds":1,"minecraft:slime_ball":4,"minecraft:baked_potato":1,"minecraft:mangrove_propagule":78,"minecraft:coal":183,"cfm:spruce_hedge":16},"minecraft:crafted":{"minecraft:brick":132,"minecraft:black_dye":1,"minecraft:oak_planks":264,"farmersdelight:dumplings":6,"minecraft:birch_boat":1,"minecraft:cooked_chicken":7,"minecraft:stone":9,"minecraft:cooked_mutton":7,"minecraft:glass":64,"minecraft:raw_copper":126,"minecraft:melon_seeds":8,"minecraft:mangrove_stairs":12,"minecraft:chest":23,"cfm:stripped_mangrove_chair":4,"minecraft:copper_block":14,"cfm:spruce_hedge":96,"minecraft:bricks":8,"minecraft:stone_hoe":1,"minecraft:magenta_dye":2,"supplementaries:flute":1,"minecraft:oak_fence":78,"minecraft:raw_iron_block":10,"minecraft:smoker":2,"farmersdelight:stove":2,"minecraft:glass_bottle":3,"farmersdelight:tomato_seeds":6,"minecraft:item_frame":6,"minecraft:wooden_shovel":1,"minecraft:cooked_porkchop":22,"minecraft:crafting_table":9,"minecraft:spruce_planks":808,"farmersdelight:iron_knife":1,"minecraft:wooden_pickaxe":1,"cfm:mangrove_kitchen_counter":8,"minecraft:copper_ingot":128,"minecraft:oak_wood":3,"minecraft:hay_block":2,"minecraft:birch_planks":156,"minecraft:pumpkin_seeds":8,"minecraft:campfire":2,"farmersdelight:wheat_dough":6,"farmersdelight:skillet":1,"farmersdelight:bacon_and_eggs":3,"farmersdelight:cutting_board":1,"minecraft:spruce_trapdoor":8,"minecraft:iron_chestplate":1,"minecraft:shield":1,"minecraft:stick":65,"minecraft:iron_ingot":286,"minecraft:iron_pickaxe":3,"minecraft:iron_block":14,"minecraft:gold_ingot":54,"minecraft:spruce_fence_gate":2,"minecraft:shears":1,"minecraft:raw_iron":90,"minecraft:fishing_rod":1,"minecraft:beehive":1,"minecraft:iron_nugget":9,"minecraft:furnace":11,"minecraft:gray_dye":2,"cfm:fridge_dark":1,"minecraft:bone_meal":45,"minecraft:spruce_fence":6,"minecraft:raw_copper_block":14,"minecraft:glass_pane":48,"minecraft:scaffolding":6,"cfm:spruce_upgraded_gate":4,"minecraft:spruce_stairs":80,"supplementaries:sconce":3,"minecraft:iron_axe":13,"farmersdelight:cabbage_rolls":3,"minecraft:spruce_slab":72,"minecraft:iron_hoe":1,"minecraft:stone_pickaxe":2,"farmersdelight:rice":20,"minecraft:lead":2,"minecraft:cooked_beef":8,"cfm:mangrove_kitchen_drawer":4,"minecraft:mangrove_door":3,"minecraft:bowl":8,"minecraft:gray_concrete_powder":8,"farmersdelight:cooking_pot":1,"minecraft:mangrove_planks":36,"minecraft:bucket":2,"farmersdelight:spruce_cabinet":4,"minecraft:stone_axe":2,"supplementaries:timber_frame":1,"minecraft:bread":2,"minecraft:air":0,"minecraft:jungle_planks":20,"minecraft:oak_fence_gate":3,"minecraft:acacia_sign":3,"minecraft:white_dye":1,"cfm:spruce_kitchen_sink_dark":2,"minecraft:iron_shovel":9,"minecraft:stonecutter":1,"minecraft:white_bed":1,"minecraft:acacia_planks":40,"minecraft:torch":100},"minecraft:dropped":{"minecraft:porkchop":18,"minecraft:oak_log":1,"minecraft:crafting_table":1,"minecraft:leather":2,"minecraft:emerald":6,"minecraft:dirt":379,"minecraft:mutton":12,"minecraft:sand":1,"minecraft:birch_log":6,"minecraft:white_wool":1,"minecraft:gravel":15,"minecraft:birch_sapling":5,"minecraft:rotten_flesh":25,"minecraft:rabbit_hide":3,"supplementaries:flax_seeds":13,"supplementaries:ash":7,"minecraft:oak_wood":3,"minecraft:arrow":9,"minecraft:oak_leaves":1,"minecraft:wheat_seeds":37,"minecraft:oak_fence":2,"minecraft:feather":26,"minecraft:lead":1,"minecraft:apple":1,"minecraft:acacia_log":4,"minecraft:stick":12,"minecraft:torch":1,"minecraft:iron_axe":2,"minecraft:acacia_planks":2,"minecraft:moss_carpet":37,"minecraft:sweet_berries":1,"minecraft:bowl":3,"minecraft:raw_iron":3,"minecraft:chicken":9,"minecraft:light_gray_wool":1,"farmersdelight:straw":4,"minecraft:orange_terracotta":1,"minecraft:spruce_planks":1,"minecraft:andesite":4,"minecraft:oak_sapling":11,"minecraft:bamboo":4,"farmersdelight:tomato":3,"supplementaries:flute":2},"minecraft:broken":{"minecraft:iron_shovel":6,"minecraft:stone_pickaxe":1,"minecraft:stone_axe":1,"minecraft:stone_hoe":1,"minecraft:iron_axe":12,"minecraft:leather_boots":1,"minecraft:iron_pickaxe":2},"minecraft:mined":{"minecraft:spruce_planks":63,"minecraft:white_bed":8,"minecraft:farmland":26,"minecraft:jungle_leaves":8,"minecraft:brewing_stand":1,"minecraft:granite":30,"minecraft:budding_amethyst":1,"minecraft:acacia_log":20,"minecraft:grass_block":1156,"minecraft:jungle_log":140,"farmersdelight:budding_tomatoes":4,"minecraft:oxeye_daisy":3,"minecraft:tall_seagrass":7,"farmersdelight:wild_rice":2,"minecraft:iron_ore":112,"minecraft:cobbled_deepslate":2,"minecraft:moss_carpet":20,"minecraft:pumpkin":2,"supplementaries:stick":17,"minecraft:dirt_path":46,"farmersdelight:rice_panicles":21,"minecraft:spruce_slab":6,"minecraft:red_bed":1,"minecraft:kelp_plant":1,"minecraft:melon_stem":3,"minecraft:smoker":3,"minecraft:amethyst_cluster":6,"minecraft:orange_terracotta":1,"minecraft:clay":33,"minecraft:torch":12,"minecraft:blast_furnace":1,"minecraft:calcite":4,"minecraft:poppy":6,"minecraft:melon":3,"minecraft:chest":3,"minecraft:dead_bush":1,"supplementaries:wild_flax":15,"minecraft:glass":4,"farmersdelight:cabbages":47,"minecraft:cobblestone":7,"minecraft:oak_planks":2,"minecraft:sugar_cane":8,"minecraft:wall_torch":6,"minecraft:amethyst_block":4,"minecraft:seagrass":1,"farmersdelight:sandy_shrub":4,"minecraft:birch_log":95,"minecraft:wheat":50,"minecraft:lilac":10,"minecraft:pumpkin_stem":3,"minecraft:copper_block":1,"minecraft:grass":212,"minecraft:oak_log":269,"minecraft:beetroots":63,"minecraft:oak_fence_gate":2,"minecraft:sand":99,"minecraft:dirt":317,"minecraft:mangrove_log":531,"minecraft:smooth_basalt":4,"cfm:mangrove_kitchen_counter":2,"minecraft:stonecutter":1,"minecraft:oak_leaves":252,"minecraft:deepslate":38,"minecraft:tuff":1,"farmersdelight:onions":44,"minecraft:stripped_mangrove_log":73,"minecraft:deepslate_diamond_ore":3,"farmersdelight:wild_carrots":11,"minecraft:mangrove_roots":477,"minecraft:allium":5,"minecraft:spruce_leaves":91,"minecraft:mangrove_propagule":45,"farmersdelight:wild_onions":15,"minecraft:furnace":6,"minecraft:carrots":26,"supplementaries:flax":9,"minecraft:andesite":8,"minecraft:gold_block":2,"cfm:mangrove_kitchen_drawer":2,"minecraft:potatoes":6,"minecraft:deepslate_iron_ore":48,"minecraft:vine":67,"cfm:spruce_upgraded_gate":2,"minecraft:bamboo":5,"minecraft:stone":233,"minecraft:smithing_table":1,"minecraft:scaffolding":10,"minecraft:acacia_leaves":1,"minecraft:mangrove_stairs":13,"minecraft:gray_concrete":8,"minecraft:glass_pane":2,"minecraft:cut_copper_stairs":56,"minecraft:dandelion":4,"minecraft:oak_fence":57,"minecraft:crafting_table":13,"cfm:spruce_kitchen_sink_dark":1,"minecraft:copper_ore":53,"minecraft:tall_grass":10,"minecraft:deepslate_gold_ore":23,"farmersdelight:wild_tomatoes":14,"supplementaries:sconce":4,"minecraft:diorite":16,"cfm:spruce_hedge":16,"supplementaries:urn":32,"minecraft:spruce_stairs":16,"farmersdelight:wild_beetroots":13,"minecraft:birch_planks":8,"farmersdelight:skillet":1,"minecraft:sweet_berry_bush":15,"minecraft:birch_leaves":13,"minecraft:spruce_log":392,"minecraft:mangrove_planks":9,"minecraft:mangrove_leaves":2003,"minecraft:coal_ore":184,"minecraft:cocoa":13,"minecraft:gravel":26,"minecraft:gold_ore":8,"minecraft:fern":21},"minecraft:used":{"minecraft:moss_carpet":12,"minecraft:iron_shovel":1832,"farmersdelight:cabbage_rolls":5,"minecraft:spruce_slab":54,"farmersdelight:cabbage_seeds":64,"minecraft:poppy":1,"minecraft:shield":58,"farmersdelight:stove":2,"minecraft:chest":24,"minecraft:iron_chestplate":1,"minecraft:spruce_leaves":6,"minecraft:cocoa_beans":24,"minecraft:carrot":51,"minecraft:tuff":4,"minecraft:beehive":1,"minecraft:jungle_sapling":5,"minecraft:glass":4,"minecraft:mangrove_log":389,"minecraft:mangrove_stairs":24,"minecraft:gray_concrete_powder":8,"minecraft:item_frame":7,"minecraft:stripped_mangrove_log":69,"farmersdelight:cutting_board":1,"minecraft:scaffolding":19,"minecraft:hay_block":2,"minecraft:sweet_berries":37,"minecraft:mangrove_roots":4,"minecraft:furnace":15,"minecraft:beetroot_seeds":76,"minecraft:egg":77,"minecraft:potato":19,"cfm:stripped_mangrove_chair":2,"minecraft:diorite":12,"minecraft:oak_planks":3,"minecraft:stone_pickaxe":208,"cfm:spruce_hedge":83,"minecraft:mangrove_planks":9,"minecraft:wooden_pickaxe":17,"minecraft:sugar_cane":6,"minecraft:sand":7,"farmersdelight:rice":12,"minecraft:shears":130,"minecraft:pumpkin_seeds":8,"minecraft:mangrove_door":3,"minecraft:lilac":9,"supplementaries:flax_seeds":22,"farmersdelight:spruce_cabinet":4,"minecraft:bone_meal":48,"minecraft:oak_fence":131,"cfm:spruce_kitchen_sink_dark":2,"minecraft:acacia_log":3,"minecraft:spruce_planks":654,"cfm:mangrove_kitchen_counter":9,"minecraft:stone_hoe":131,"supplementaries:sconce":8,"minecraft:cooked_chicken":5,"minecraft:cut_copper_stairs":56,"minecraft:stick":42,"minecraft:torch":144,"farmersdelight:dumplings":8,"minecraft:dirt":242,"minecraft:spruce_stairs":96,"minecraft:granite":29,"minecraft:spruce_fence":6,"minecraft:oak_fence_gate":5,"minecraft:iron_hoe":181,"minecraft:iron_axe":2897,"minecraft:jungle_log":1,"minecraft:melon_seeds":8,"minecraft:smooth_basalt":4,"minecraft:bamboo":19,"farmersdelight:cooking_pot":1,"farmersdelight:tomato_seeds":14,"minecraft:cooked_beef":8,"cfm:mangrove_kitchen_drawer":4,"minecraft:cobbled_deepslate":41,"minecraft:acacia_planks":1,"farmersdelight:fried_egg":5,"minecraft:calcite":4,"minecraft:wheat_seeds":68,"minecraft:cooked_mutton":7,"farmersdelight:iron_knife":177,"minecraft:water_bucket":98,"farmersdelight:skillet":2,"minecraft:birch_planks":93,"minecraft:lead":1,"minecraft:glass_bottle":1,"minecraft:baked_potato":1,"minecraft:copper_block":1,"minecraft:birch_boat":3,"minecraft:stonecutter":2,"farmersdelight:onion":70,"minecraft:crafting_table":20,"minecraft:white_bed":9,"minecraft:spruce_log":150,"cfm:spruce_upgraded_gate":6,"minecraft:smoker":3,"farmersdelight:bacon_and_eggs":3,"minecraft:oak_log":23,"minecraft:oxeye_daisy":3,"minecraft:acacia_sign":1,"minecraft:mangrove_propagule":36,"minecraft:iron_pickaxe":679,"cfm:fridge_dark":1,"minecraft:spruce_sapling":24,"minecraft:stone_axe":216,"minecraft:fishing_rod":23,"minecraft:cobblestone":64,"minecraft:cooked_porkchop":22,"minecraft:bucket":107,"minecraft:glass_pane":46,"minecraft:dandelion":4},"minecraft:custom":{"minecraft:animals_bred":10,"minecraft:interact_with_crafting_table":151,"minecraft:leave_game":9,"minecraft:time_since_death":1063945,"minecraft:sprint_one_cm":1215417,"minecraft:damage_blocked_by_shield":2120,"minecraft:drop":102,"minecraft:talked_to_villager":4,"minecraft:play_time":1063945,"minecraft:jump":5936,"minecraft:walk_on_water_one_cm":252439,"minecraft:interact_with_furnace":101,"minecraft:sleep_in_bed":58,"minecraft:damage_dealt":18194,"minecraft:crouch_one_cm":53192,"minecraft:horse_one_cm":30678,"minecraft:mob_kills":133,"minecraft:climb_one_cm":58722,"minecraft:walk_one_cm":3880949,"minecraft:sneak_time":31068,"minecraft:walk_under_water_one_cm":160487,"minecraft:total_world_time":1118743,"minecraft:interact_with_stonecutter":3,"minecraft:time_since_rest":4869,"minecraft:damage_taken":3061,"minecraft:swim_one_cm":303552,"minecraft:fly_one_cm":532580,"minecraft:open_chest":306,"minecraft:fish_caught":11,"minecraft:fall_one_cm":63679}},"DataVersion":3465}