{"stats":{"minecraft:mined":{"minecraft:tuff":1,"minecraft:spruce_planks":45,"minecraft:white_bed":8,"minecraft:stripped_mangrove_log":69,"minecraft:deepslate_diamond_ore":3,"farmersdelight:wild_carrots":11,"minecraft:jungle_leaves":4,"minecraft:mangrove_roots":198,"minecraft:brewing_stand":1,"minecraft:granite":30,"minecraft:budding_amethyst":1,"minecraft:allium":5,"minecraft:acacia_log":20,"minecraft:grass_block":1067,"minecraft:jungle_log":19,"minecraft:spruce_leaves":12,"minecraft:mangrove_propagule":42,"minecraft:tall_seagrass":1,"farmersdelight:wild_onions":15,"minecraft:furnace":2,"farmersdelight:wild_rice":2,"minecraft:iron_ore":112,"minecraft:cobbled_deepslate":2,"minecraft:andesite":8,"minecraft:moss_carpet":9,"minecraft:pumpkin":2,"minecraft:dirt_path":18,"minecraft:deepslate_iron_ore":48,"minecraft:vine":47,"minecraft:bamboo":1,"minecraft:stone":195,"minecraft:smithing_table":1,"minecraft:acacia_leaves":1,"minecraft:mangrove_stairs":11,"minecraft:red_bed":1,"minecraft:amethyst_cluster":6,"minecraft:orange_terracotta":1,"minecraft:oak_fence":7,"minecraft:clay":33,"minecraft:crafting_table":9,"minecraft:torch":4,"minecraft:blast_furnace":1,"minecraft:calcite":4,"minecraft:melon":3,"minecraft:chest":1,"minecraft:dead_bush":1,"supplementaries:wild_flax":15,"minecraft:glass":4,"minecraft:copper_ore":43,"minecraft:tall_grass":6,"minecraft:cobblestone":5,"farmersdelight:wild_tomatoes":14,"minecraft:deepslate_gold_ore":23,"minecraft:oak_planks":1,"minecraft:sugar_cane":8,"minecraft:diorite":16,"minecraft:wall_torch":5,"minecraft:amethyst_block":4,"minecraft:spruce_stairs":2,"supplementaries:urn":32,"farmersdelight:wild_beetroots":13,"minecraft:seagrass":1,"farmersdelight:sandy_shrub":4,"minecraft:birch_log":90,"minecraft:sweet_berry_bush":2,"minecraft:spruce_log":326,"minecraft:birch_leaves":10,"minecraft:mangrove_planks":9,"minecraft:mangrove_leaves":1479,"minecraft:copper_block":1,"minecraft:grass":168,"minecraft:oak_log":264,"minecraft:coal_ore":136,"minecraft:cocoa":5,"minecraft:gravel":21,"minecraft:sand":90,"minecraft:dirt":198,"minecraft:mangrove_log":393,"minecraft:smooth_basalt":4,"minecraft:gold_ore":8,"minecraft:oak_leaves":204,"minecraft:deepslate":38,"minecraft:fern":21},"minecraft:dropped":{"minecraft:wheat_seeds":18,"minecraft:crafting_table":1,"minecraft:oak_fence":2,"minecraft:feather":5,"minecraft:leather":2,"minecraft:apple":1,"minecraft:acacia_log":4,"minecraft:emerald":6,"minecraft:dirt":221,"minecraft:mutton":12,"minecraft:sand":1,"minecraft:iron_axe":1,"minecraft:birch_log":6,"minecraft:white_wool":1,"minecraft:acacia_planks":2,"minecraft:gravel":15,"minecraft:moss_carpet":36,"minecraft:birch_sapling":5,"minecraft:raw_iron":3,"minecraft:chicken":9,"minecraft:rotten_flesh":23,"minecraft:light_gray_wool":1,"farmersdelight:straw":2,"supplementaries:flax_seeds":4,"supplementaries:ash":7,"minecraft:orange_terracotta":1,"minecraft:andesite":4,"minecraft:oak_sapling":6,"minecraft:bamboo":2,"minecraft:arrow":9,"farmersdelight:tomato":3},"minecraft:used":{"minecraft:oak_fence":24,"minecraft:iron_shovel":1541,"minecraft:acacia_log":3,"minecraft:spruce_planks":645,"minecraft:chest":6,"minecraft:shield":58,"minecraft:cut_copper_stairs":56,"minecraft:stone_hoe":131,"minecraft:cooked_chicken":5,"minecraft:iron_chestplate":1,"minecraft:torch":99,"minecraft:dirt":158,"minecraft:spruce_stairs":6,"minecraft:tuff":4,"minecraft:granite":29,"minecraft:glass":4,"minecraft:mangrove_log":377,"minecraft:mangrove_stairs":16,"minecraft:iron_axe":2108,"minecraft:smooth_basalt":4,"minecraft:stripped_mangrove_log":69,"minecraft:sweet_berries":20,"minecraft:mangrove_roots":2,"minecraft:furnace":5,"minecraft:egg":9,"minecraft:cooked_beef":8,"minecraft:cobbled_deepslate":41,"minecraft:acacia_planks":1,"minecraft:calcite":4,"minecraft:cooked_mutton":7,"farmersdelight:iron_knife":88,"minecraft:water_bucket":69,"minecraft:diorite":12,"minecraft:oak_planks":1,"minecraft:stone_pickaxe":208,"minecraft:mangrove_planks":9,"minecraft:baked_potato":1,"minecraft:copper_block":1,"minecraft:wooden_pickaxe":17,"minecraft:stonecutter":1,"minecraft:crafting_table":12,"minecraft:white_bed":9,"minecraft:spruce_log":105,"minecraft:oak_log":22,"minecraft:mangrove_door":3,"minecraft:acacia_sign":1,"minecraft:mangrove_propagule":25,"minecraft:iron_pickaxe":500,"minecraft:spruce_sapling":16,"minecraft:stone_axe":216,"minecraft:fishing_rod":23,"minecraft:cobblestone":53,"minecraft:cooked_porkchop":19,"minecraft:bucket":70,"minecraft:glass_pane":44,"minecraft:bone_meal":12},"minecraft:picked_up":{"minecraft:cocoa_beans":12,"minecraft:crafting_table":9,"minecraft:allium":20,"minecraft:chicken":20,"minecraft:clay_ball":132,"minecraft:smithing_table":1,"minecraft:lead":1,"minecraft:brewing_stand":1,"minecraft:stripped_mangrove_log":69,"minecraft:amethyst_block":4,"minecraft:moss_carpet":36,"minecraft:iron_axe":1,"minecraft:string":7,"minecraft:raw_copper":154,"minecraft:pufferfish":2,"minecraft:zombie_head":2,"minecraft:gold_nugget":45,"minecraft:cobbled_deepslate":41,"minecraft:spruce_planks":44,"minecraft:beef":8,"farmersdelight:straw":14,"minecraft:calcite":4,"minecraft:jungle_sapling":4,"minecraft:iron_nugget":21,"minecraft:light_gray_wool":1,"minecraft:chest":1,"minecraft:melon_slice":11,"minecraft:sugar_cane":18,"minecraft:birch_sapling":12,"minecraft:mangrove_log":385,"minecraft:furnace":2,"minecraft:egg":11,"minecraft:stick":156,"minecraft:raw_iron":161,"minecraft:oak_fence":7,"minecraft:torch":39,"minecraft:acacia_log":17,"minecraft:spruce_stairs":2,"minecraft:porkchop":22,"farmersdelight:tomato_seeds":14,"minecraft:diorite":12,"minecraft:carrot":10,"minecraft:mangrove_stairs":11,"minecraft:arrow":9,"minecraft:rotten_flesh":25,"minecraft:beetroot_seeds":12,"farmersdelight:onion":14,"minecraft:mangrove_roots":189,"supplementaries:ash":53,"minecraft:mutton":19,"minecraft:cod":10,"minecraft:snowball":16,"minecraft:white_wool":4,"minecraft:cobblestone":184,"minecraft:birch_log":89,"minecraft:feather":9,"farmersdelight:rice":2,"minecraft:tripwire_hook":1,"minecraft:andesite":4,"minecraft:salmon":6,"minecraft:jungle_log":19,"minecraft:leather":8,"minecraft:copper_block":1,"minecraft:potato":1,"minecraft:flint":3,"minecraft:tuff":4,"minecraft:oak_log":263,"supplementaries:flax_seeds":20,"minecraft:gunpowder":4,"farmersdelight:tomato":3,"minecraft:dirt":1274,"minecraft:white_banner":1,"minecraft:orange_terracotta":1,"minecraft:bone":56,"minecraft:apple":8,"minecraft:wheat_seeds":40,"minecraft:raw_gold":31,"minecraft:bamboo":10,"minecraft:mangrove_planks":9,"minecraft:oak_planks":1,"minecraft:acacia_sapling":1,"minecraft:smooth_basalt":4,"minecraft:pumpkin":2,"minecraft:sweet_berries":29,"minecraft:gravel":15,"minecraft:sand":87,"minecraft:amethyst_shard":24,"minecraft:ink_sac":2,"minecraft:spruce_sapling":17,"minecraft:blast_furnace":1,"minecraft:white_bed":8,"minecraft:spruce_log":326,"minecraft:lily_of_the_valley":1,"minecraft:slime_ball":4,"minecraft:diamond":8,"minecraft:granite":30,"minecraft:emerald":13,"minecraft:baked_potato":1,"minecraft:oak_sapling":107,"minecraft:mangrove_propagule":52,"minecraft:coal":135},"minecraft:broken":{"minecraft:iron_shovel":5,"minecraft:stone_hoe":1,"minecraft:stone_pickaxe":1,"minecraft:iron_axe":8,"minecraft:stone_axe":1,"minecraft:iron_pickaxe":2},"minecraft:custom":{"minecraft:mob_kills":98,"minecraft:animals_bred":1,"minecraft:interact_with_crafting_table":62,"minecraft:leave_game":2,"minecraft:time_since_death":589866,"minecraft:climb_one_cm":36009,"minecraft:sprint_one_cm":678512,"minecraft:walk_one_cm":2113539,"minecraft:damage_blocked_by_shield":2120,"minecraft:drop":52,"minecraft:talked_to_villager":2,"minecraft:play_time":589866,"minecraft:sneak_time":20920,"minecraft:walk_under_water_one_cm":139154,"minecraft:jump":3908,"minecraft:walk_on_water_one_cm":164345,"minecraft:total_world_time":644664,"minecraft:interact_with_furnace":80,"minecraft:interact_with_stonecutter":3,"minecraft:sleep_in_bed":32,"minecraft:time_since_rest":12516,"minecraft:damage_taken":2237,"minecraft:damage_dealt":14358,"minecraft:swim_one_cm":207240,"minecraft:fly_one_cm":212846,"minecraft:open_chest":93,"minecraft:crouch_one_cm":46129,"minecraft:fish_caught":11,"minecraft:fall_one_cm":49042,"minecraft:horse_one_cm":30678},"minecraft:killed":{"minecraft:cave_spider":1,"minecraft:spider":5,"minecraft:cod":2,"minecraft:skeleton":13,"minecraft:chicken":10,"minecraft:pig":12,"minecraft:zombie_villager":2,"minecraft:salmon":6,"minecraft:creeper":2,"minecraft:squid":1,"minecraft:sheep":9,"minecraft:pillager":3,"minecraft:zombie":28,"minecraft:cow":4},"minecraft:crafted":{"minecraft:brick":132,"minecraft:oak_planks":68,"minecraft:raw_iron":90,"minecraft:fishing_rod":1,"minecraft:cooked_chicken":7,"minecraft:furnace":3,"minecraft:stone":3,"minecraft:bone_meal":12,"minecraft:raw_copper_block":14,"minecraft:cooked_mutton":7,"minecraft:glass_pane":48,"minecraft:glass":64,"minecraft:spruce_stairs":12,"minecraft:raw_copper":126,"minecraft:iron_axe":9,"minecraft:mangrove_stairs":12,"minecraft:stone_pickaxe":2,"minecraft:chest":5,"minecraft:copper_block":14,"minecraft:stone_hoe":1,"minecraft:magenta_dye":2,"minecraft:oak_fence":21,"minecraft:lead":1,"minecraft:raw_iron_block":10,"minecraft:cooked_beef":8,"minecraft:cooked_porkchop":22,"minecraft:crafting_table":4,"minecraft:spruce_planks":628,"farmersdelight:iron_knife":1,"minecraft:wooden_pickaxe":1,"minecraft:mangrove_door":3,"minecraft:copper_ingot":128,"minecraft:mangrove_planks":24,"minecraft:bucket":1,"minecraft:stone_axe":2,"minecraft:air":0,"minecraft:jungle_planks":20,"minecraft:iron_chestplate":1,"minecraft:shield":1,"minecraft:acacia_sign":3,"minecraft:stick":32,"minecraft:iron_ingot":178,"minecraft:iron_pickaxe":2,"minecraft:iron_block":14,"minecraft:iron_shovel":8,"minecraft:gold_ingot":36,"minecraft:stonecutter":1,"minecraft:white_bed":1,"minecraft:acacia_planks":40,"minecraft:torch":64}},"DataVersion":3465}